Seite;ISO;Land / Gebiet;Farbflaechen;unter 0,58 mm %;unter 0,71 mm %;unter 1,0 mm %;unter 1,16 mm %;unter 1,43 mm %;unter 1,5 mm %;unter 1,74 mm %;unter 2,14 mm %
1;AD;Andorra;8;3,56;4,68;6,37;10,16;12,58;15,52;17,69;20,52
2;AE;Vereinigte Arabische Emirate;4;0,0;0,0;0,0;0,0;0,0;0,0;0,0;0,0
3;AF;Afghanistan;2;0,29;0,6;1,48;2,82;4,49;4,49;8,13;15,0
4;AG;Antigua und Barbuda;5;0,0;0,0;0,0;0,2;0,32;0,32;0,32;0,58
5;AI;Anguilla;5;0,01;0,01;0,05;0,84;1,59;1,88;1,88;3,32
6;AL;Albanien;2;0,01;0,01;0,01;0,35;0,35;0,35;1,06;1,42
7;AM;Armenien;3;0,0;0,0;0,0;0,0;0,0;0,0;0,0;0,0
8;AO;Angola;3;0,0;0,29;0,51;0,51;0,51;0,51;0,82;1,39
9;AQ;Antarktis;2;0,02;0,02;0,02;0,02;0,02;0,02;0,02;0,02
10;AR;Argentinien;4;6,94;10,06;11,97;15,19;16,77;16,77;17,4;18,62
11;AS;Amerikanisch-Samoa;8;3,1;3,85;5,68;6,13;7,79;8,38;11,49;16,86
12;AT;Österreich;2;0,0;0,0;0,0;0,0;0,0;0,0;0,0;0,0
13;AU;Australien;3;0,0;0,0;0,04;0,24;0,32;0,32;0,85;2,28
14;AW;Aruba;4;0,0;0,0;0,0;0,0;0,17;0,17;1,05;2,06
15;AX;Åland;3;0,0;0,0;0,0;0,0;0,0;0,0;0,0;0,0
16;AZ;Aserbaidschan;4;0,0;0,0;0,0;0,0;0,0;0,0;0,0;0,0
17;BA;Bosnien und Herzegowina;3;0,0;0,0;0,1;0,1;0,1;0,1;0,5;0,5
18;BB;Barbados;3;0,0;0,0;0,0;0,0;0,0;0,0;0,0;0,0
19;BD;Bangladesch;2;0,01;0,01;0,01;0,01;0,01;0,01;0,01;0,01
20;BE;Belgien;3;0,0;0,0;0,0;0,0;0,0;0,0;0,0;0,0
21;BF;Burkina Faso;3;0,0;0,0;0,0;0,0;0,0;0,0;0,0;0,0
22;BG;Bulgarien;3;0,0;0,0;0,0;0,0;0,0;0,0;0,0;0,0
23;BH;Bahrain;2;0,0;0,0;0,0;0,0;0,0;0,0;0,0;0,29
24;BI;Burundi;3;0,0;0,03;0,29;1,35;2,0;2,0;2,0;2,0
25;BJ;Benin;3;0,0;0,0;0,0;0,0;0,16;0,16;0,16;0,47
26;BL;Saint-Barthélemy;11;7,32;8,63;10,59;13,31;15,4;15,87;18,67;21,78
27;BM;Bermuda;9;3,96;5,71;7,04;7,2;7,87;8,29;8,93;9,78
28;BN;Brunei;4;0,6;0,93;2,42;4,18;4,61;5,01;6,41;8,45
29;BO;Bolivien;3;0,0;0,0;0,0;0,0;0,0;0,0;0,0;0,0
30;BQ;Bonaire;5;0,0;0,0;0,0;0,0;0,0;0,0;0,0;0,0
31;BR;Brasilien;4;0,18;0,32;1,62;1,62;1,62;1,62;2,91;3,77
32;BS;Bahamas;3;0,0;0,0;0,0;0,0;0,0;0,0;0,22;0,22
33;BT;Bhutan;4;5,87;6,27;8,54;9,59;11,88;11,88;14,53;22,61
34;BV;Bouvetinsel;3;0,0;0,0;0,11;0,11;0,11;0,11;0,11;0,71
35;BW;Botsuana;3;0,0;0,0;0,0;0,0;0,0;0,0;0,16;0,16
36;BY;Belarus;3;0,08;0,21;0,83;1,08;1,39;1,39;2,33;4,07
37;BZ;Belize;15;7,74;9,49;11,4;12,89;15,91;16,51;22,2;28,4
38;CA;Kanada;2;0,0;0,0;0,0;0,21;0,21;0,21;0,21;0,59
39;CC;Kokosinseln;3;0,25;0,36;0,52;0,52;0,52;0,52;0,69;0,69
40;CD;Kongo (Dem. Rep.);3;0,0;0,0;0,0;0,0;0,0;0,0;0,0;0,0
41;CF;Zentralafrikanische Republik;5;0,0;0,0;0,0;0,0;0,0;0,0;0,0;0,0
42;CG;Kongo;3;0,0;0,0;0,0;0,0;0,0;0,0;0,0;0,0
43;CH;Schweiz;2;0,0;0,0;0,0;0,0;0,0;0,0;0,0;0,0
44;CI;Côte d'Ivoire;3;0,0;0,0;0,0;0,0;0,0;0,0;0,0;0,0
45;CK;Cookinseln;3;0,0;0,0;0,06;0,06;0,06;0,06;0,79;1,19
46;CL;Chile;3;0,0;0,0;0,0;0,0;0,15;0,15;0,15;0,15
47;CM;Kamerun;3;0,0;0,0;0,0;0,0;0,0;0,0;0,24;0,24
48;CN;China;2;0,0;0,0;0,07;0,07;0,2;0,2;0,2;2,5
49;CO;Kolumbien;3;0,0;0,0;0,0;0,0;0,0;0,0;0,0;0,0
50;CR;Costa Rica;11;3,55;3,8;5,29;5,43;6,49;6,49;6,49;7,94
51;CU;Kuba;3;0,01;0,01;0,01;0,31;0,31;0,31;0,5;0,5
52;CV;Kap Verde;4;0,0;0,0;0,07;0,07;0,07;0,07;0,07;0,34
53;CW;Curaçao;3;0,0;0,0;0,0;0,0;0,0;0,0;0,0;0,62
54;CX;Weihnachtsinsel;3;0,0;0,0;0,0;0,0;0,0;0,0;0,0;0,0
55;CY;Zypern;3;0,0;0,19;0,19;0,19;0,34;0,34;0,34;0,61
56;CZ;Tschechien;3;0,0;0,0;0,0;0,0;0,0;0,0;0,0;0,0
57;DE;Deutschland;3;0,0;0,0;0,0;0,0;0,0;0,0;0,0;0,0
58;DJ;Dschibuti;4;0,0;0,0;0,0;0,0;0,0;0,0;0,0;0,25
59;DK;Dänemark;2;0,0;0,0;0,0;0,0;0,0;0,0;0,0;0,3
60;DM;Dominica;6;1,43;2,56;2,69;3,43;4,54;4,54;5,19;6,95
61;DO;Dominikanische Republik;8;2,35;2,51;2,82;2,9;3,13;3,13;4,25;5,97
62;DZ;Algerien;3;0,0;0,0;0,0;0,25;0,57;0,57;0,57;1,32
63;EC;Ecuador;26;10,97;12,63;14,01;15,55;17,18;17,18;20,78;23,94
64;EE;Estland;3;0,0;0,0;0,0;0,0;0,0;0,0;0,0;0,0
65;EG;Ägypten;4;1,14;2,03;2,79;2,79;3,55;3,84;5,52;8,01
66;EH;Westsahara;4;0,0;0,0;0,0;0,08;0,08;0,08;0,08;0,62
67;ER;Eritrea;4;0,28;0,55;0,62;1,11;2,14;2,14;3,11;4,61
68;ES;Spanien;10;10,37;11,21;14,09;16,21;17,01;17,28;18,86;27,77
69;ET;Äthiopien;4;0,0;0,0;0,11;0,31;1,78;1,78;1,94;2,55
70;FI;Finnland;2;0,0;0,0;0,0;0,0;0,0;0,0;0,0;0,0
71;FJ;Fidschi;7;1,73;3,23;4,56;5,44;7,05;7,05;8,44;8,44
72;FK;Falklandinseln;23;5,5;6,42;8,42;9,44;11,69;12,09;13,22;15,05
73;FM;Mikronesien;2;0,0;0,0;0,0;0,0;0,19;0,19;0,4;0,69
74;FO;Färöer;3;0,0;0,0;0,0;0,0;0,0;0,0;0,19;0,19
75;FR;Frankreich;3;0,0;0,0;0,0;0,0;0,0;0,0;0,22;0,22
76;GA;Gabun;3;0,0;0,0;0,0;0,0;0,0;0,0;0,0;0,0
77;XE-ENG;England;2;0,0;0,0;0,0;0,0;0,0;0,0;0,24;0,24
78;XE-NIR;Nordirland;8;2,41;4,35;5,96;6,56;6,95;6,95;7,28;7,48
79;XE-SCT;Schottland;2;0,0;0,0;0,0;0,0;0,0;0,2;0,2;0,2
80;XE-WLS;Wales;4;5,42;7,18;9,51;9,79;10,73;11,0;11,46;13,99
81;GB;Vereinigtes Königreich;3;0,0;0,0;0,0;0,0;0,18;0,18;0,18;0,18
82;GD;Grenada;3;0,0;0,03;0,28;0,43;0,58;0,58;0,58;2,11
83;GE;Georgien;2;0,0;0,0;0,06;0,06;0,15;0,15;0,15;0,15
84;GF;Französisch-Guayana;3;0,0;0,0;0,0;0,0;0,18;0,18;0,18;1,29
85;GG;Guernsey;3;0,0;0,0;0,0;0,0;0,0;0,0;0,0;0,97
86;GH;Ghana;4;0,0;0,0;0,0;0,14;0,25;0,25;0,25;0,7
87;GI;Gibraltar;4;0,28;3,19;4,72;5,24;6,48;6,48;6,81;8,8
88;GL;Grönland;2;0,0;0,0;0,0;0,0;0,0;0,0;0,0;0,0
89;GM;Gambia;4;0,0;0,0;0,0;0,0;0,0;0,0;0,0;0,0
90;GN;Guinea;3;0,0;0,0;0,0;0,0;0,18;0,18;0,18;0,18
91;GP;Guadeloupe;4;0,18;0,18;0,64;1,31;2,0;2,0;2,79;4,07
92;GQ;Äquatorialguinea;9;1,14;1,19;1,53;1,81;2,3;2,3;2,61;2,61
93;GR;Griechenland;2;0,0;0,0;0,29;0,29;0,29;0,29;0,65;0,65
94;GS;Südgeorgien;18;4,8;6,03;7,04;8,88;10,98;11,54;16,12;20,89
95;GT;Guatemala;16;9,65;11,52;12,79;12,97;14,4;14,63;15,33;16,73
96;GU;Guam;11;0,96;1,1;1,18;1,18;1,18;1,18;1,95;4,63
97;GW;Guinea-Bissau;4;0,0;0,0;0,0;0,0;0,18;0,18;0,18;0,46
98;GY;Guyana;5;0,01;0,06;0,06;0,06;0,06;0,06;0,06;0,06
99;HK;Hongkong;2;0,98;2,17;2,63;2,63;3,31;3,46;4,14;5,95
100;HM;Heard und McDonaldinseln;3;0,0;0,0;0,0;0,0;0,5;0,5;1,2;1,98
101;HN;Honduras;2;0,05;0,09;0,09;0,18;0,18;0,18;0,18;0,64
102;HR;Kroatien;6;1,48;1,48;2,56;2,91;3,66;3,99;5,03;6,69
103;HT;Haiti;7;10,29;12,21;14,74;17,92;20,74;21,59;23,84;27,03
104;HU;Ungarn;3;0,0;0,0;0,0;0,0;0,0;0,0;0,0;0,0
105;ID;Indonesien;2;0,0;0,0;0,0;0,15;0,15;0,15;0,15;0,15
106;IE;Irland;3;0,0;0,0;0,0;0,0;0,19;0,19;0,19;0,19
107;IL;Israel;2;0,0;0,0;0,05;0,17;0,17;0,17;0,17;0,48
108;IM;Isle of Man;4;0,55;1,7;8,88;9,1;9,97;9,97;11,66;13,12
109;IN;Indien;4;0,25;0,29;0,92;1,29;1,44;1,44;1,64;4,8
110;IO;Brit. Terr. im Ind. Ozean;3;0,01;0,01;0,01;0,01;0,01;0,01;0,52;2,52
111;IQ;Irak;4;0,01;0,01;0,01;0,25;0,33;0,33;0,74;0,96
112;IR;Iran;3;0,13;0,25;1,27;4,18;9,11;11,74;12,53;12,53
113;IS;Island;3;0,0;0,0;0,0;0,0;0,0;0,0;0,0;0,0
114;IT;Italien;3;0,0;0,0;0,0;0,0;0,0;0,0;0,25;0,25
115;JE;Jersey;6;2,05;2,28;2,54;2,86;4,68;4,68;5,2;5,44
116;JM;Jamaika;3;0,01;0,01;0,01;0,01;0,21;0,39;0,39;0,39
117;JO;Jordanien;4;0,0;0,0;0,0;0,0;0,0;0,0;0,0;0,0
118;JP;Japan;2;0,0;0,0;0,0;0,0;0,0;0,0;0,0;0,0
119;KE;Kenia;4;0,59;0,59;0,64;0,64;0,97;0,97;1,35;3,79
120;KG;Kirgisistan;2;0,01;0,29;0,35;1,13;2,03;2,44;3,46;5,02
121;KH;Kambodscha;4;1,4;4,54;15,68;16,37;19,06;19,4;22,26;25,29
122;KI;Kiribati;5;2,49;2,83;3,27;3,46;3,46;3,46;4,04;5,2
123;KM;Komoren;5;0,0;0,0;0,0;0,0;0,0;0,0;0,0;0,27
124;KN;St. Kitts und Nevis;5;0,0;0,0;0,0;0,0;0,0;0,0;0,0;0,0
125;KP;Nordkorea;3;0,0;0,0;0,0;0,0;0,0;0,0;0,0;0,0
126;KR;Südkorea;4;0,01;0,01;0,01;0,01;0,5;0,5;0,5;0,5
127;KW;Kuwait;4;0,0;0,0;0,0;0,0;0,0;0,0;0,0;0,0
128;KY;Kaimaninseln;11;3,1;4,32;9,07;10,76;11,82;13,53;17,89;20,05
129;KZ;Kasachstan;2;0,06;0,06;0,25;0,35;0,78;1,89;2,47;3,75
130;LA;Laos;3;0,0;0,0;0,0;0,0;0,0;0,0;0,0;0,0
131;LB;Libanon;3;0,04;0,04;0,04;0,04;0,24;0,35;0,93;1,69
132;LC;St. Lucia;4;0,0;0,0;0,0;0,0;0,18;0,18;0,18;0,44
133;LI;Liechtenstein;4;0,42;1,18;2,01;3,35;3,56;3,56;5,38;6,57
134;LK;Sri Lanka;3;2,38;3,7;5,62;6,01;6,48;6,62;6,92;8,09
135;LR;Liberia;3;0,0;0,0;0,0;0,0;0,0;0,0;0,0;0,0
136;LS;Lesotho;4;0,01;0,01;0,21;0,3;0,39;0,39;0,86;2,57
137;LT;Litauen;3;0,0;0,0;0,0;0,0;0,0;0,0;0,0;0,0
138;LU;Luxemburg;3;0,0;0,0;0,0;0,0;0,0;0,0;0,0;0,0
139;LV;Lettland;2;0,0;0,0;0,0;0,0;0,0;0,0;0,0;0,0
140;LY;Libyen;4;0,0;0,0;0,0;0,0;0,19;0,19;0,83;1,12
141;MA;Marokko;2;0,0;0,0;0,0;0,0;0,12;0,12;0,12;0,68
142;MC;Monaco;2;0,0;0,0;0,0;0,0;0,0;0,0;0,0;0,0
143;MD;Moldau;6;1,94;3,74;8,59;11,35;14,64;15,65;18,69;26,19
144;ME;Montenegro;5;2,25;3,83;7,65;13,64;18,58;20,65;26,11;38,88
145;MF;Saint-Martin;3;0,0;0,0;0,0;0,0;0,0;0,0;0,22;0,22
146;MG;Madagaskar;3;0,0;0,0;0,11;0,11;0,11;0,11;0,11;0,11
147;MH;Marshallinseln;3;0,0;0,0;0,16;0,16;0,49;0,49;0,7;3,28
148;MK;Nordmazedonien;2;0,0;0,0;0,0;0,11;0,11;0,11;0,11;0,11
149;ML;Mali;3;0,0;0,0;0,09;0,09;0,09;0,09;0,09;0,09
150;MM;Myanmar;4;0,0;0,0;0,0;0,0;0,0;0,0;0,0;0,0
151;MN;Mongolei;3;0,0;0,0;0,0;0,24;0,24;0,24;0,77;1,47
152;MO;Macau;3;0,07;0,07;0,55;1,64;2,88;2,88;3,6;8,89
153;MP;Nördliche Marianen;12;2,71;3,94;8,39;9,79;12,75;13,06;16,4;23,94
154;MQ;Martinique;3;0,0;0,0;0,0;0,0;0,0;0,0;0,0;0,0
155;MR;Mauretanien;3;0,0;0,0;0,0;0,0;0,17;0,17;0,17;0,17
156;MS;Montserrat;11;1,81;1,83;3,67;4,67;6,81;6,81;7,39;9,09
157;MT;Malta;3;2,35;3,31;3,89;4,07;4,89;4,89;5,64;6,21
158;MU;Mauritius;4;0,0;0,0;0,0;0,0;0,0;0,0;0,0;0,33
159;MV;Malediven;3;0,0;0,0;0,0;0,0;0,0;0,0;0,0;0,0
160;MW;Malawi;3;0,01;0,01;0,39;0,65;1,91;2,28;3,43;5,67
161;MX;Mexiko;22;3,47;5,3;13,07;16,49;23,05;23,51;26,27;31,31
162;MY;Malaysia;4;0,01;0,09;0,36;0,5;0,65;0,65;0,65;1,08
163;MZ;Mosambik;5;0,4;0,42;0,61;0,69;0,83;0,83;1,04;2,84
164;NA;Namibia;5;0,0;0,0;0,0;0,0;0,29;0,29;0,29;0,92
165;NC;Neukaledonien;5;0,01;0,04;0,04;0,23;1,73;1,73;2,87;2,87
166;NE;Niger;3;0,0;0,0;0,0;0,0;0,0;0,0;0,0;0,0
167;NF;Norfolkinsel;2;0,13;0,18;0,9;1,47;2,85;3,32;5,67;8,22
168;NG;Nigeria;2;0,0;0,0;0,0;0,0;0,18;0,18;0,18;0,18
169;NI;Nicaragua;20;7,04;10,13;20,66;22,7;30,92;32,85;36,77;42,41
170;NL;Niederlande;3;0,0;0,0;0,0;0,0;0,0;0,0;0,0;0,0
171;NO;Norwegen;3;0,0;0,0;0,0;0,0;0,0;0,0;0,0;0,0
172;NP;Nepal;3;0,0;0,0;0,0;0,4;0,51;0,84;1,27;1,53
173;NR;Nauru;3;0,01;0,01;0,06;0,06;0,06;0,06;0,06;1,75
174;NU;Niue;4;0,04;0,1;0,34;0,47;0,59;0,74;2,03;3,23
175;NZ;Neuseeland;3;0,02;0,02;0,08;1,12;2,22;2,22;2,22;2,71
176;OM;Oman;3;1,06;1,16;1,54;1,7;1,81;1,81;2,04;2,04
177;PA;Panama;3;0,0;0,0;0,0;0,0;0,0;0,0;0,0;0,0
178;PE;Peru;2;0,0;0,0;0,0;0,0;0,0;0,0;0,0;0,0
179;PF;Französisch-Polynesien;5;0,02;0,07;0,18;1,17;1,78;1,78;4,29;7,21
180;PG;Papua-Neuguinea;4;0,0;0,0;0,0;0,0;0,0;0,0;0,49;0,49
181;PH;Philippinen;4;0,0;0,0;0,0;0,0;0,25;0,25;0,25;0,25
182;PK;Pakistan;2;0,0;0,0;0,0;0,15;0,36;0,36;0,36;0,67
183;PL;Polen;2;0,0;0,0;0,0;0,0;0,0;0,0;0,0;0,0
184;PM;St. Pierre und Miquelon;7;0,45;0,81;3,3;4,92;10,48;11,52;16,99;21,75
185;PN;Pitcairn;9;3,47;3,79;5,46;6,2;6,79;7,15;7,94;11,04
186;PR;Puerto Rico;3;0,0;0,0;0,0;0,0;0,0;0,0;0,42;0,42
187;PS;Palästina;4;0,0;0,0;0,0;0,0;0,0;0,0;0,22;0,22
188;PT;Portugal;6;11,92;17,66;18,53;19,82;20,75;20,87;21,34;32,05
189;PW;Palau;2;0,0;0,0;0,0;0,0;0,0;0,0;0,0;0,26
190;PY;Paraguay;6;1,79;2,36;2,99;5,05;5,2;5,2;6,02;8,47
191;QA;Katar;2;0,0;0,0;0,0;0,0;0,0;0,0;0,91;1,21
192;RE;Réunion;3;0,0;0,0;0,0;0,0;0,15;0,75;0,94;0,94
193;RO;Rumänien;3;0,0;0,0;0,0;0,0;0,18;0,18;0,18;0,18
194;RS;Serbien;5;8,99;10,58;13,76;15,27;18,3;18,81;24,58;35,27
195;RW;Ruanda;4;0,03;0,03;1,0;1,0;1,77;2,32;6,08;7,36
196;SA;Saudi-Arabien;2;0,03;0,07;0,23;0,3;0,75;1,57;1,75;3,38
197;SB;Salomonen;4;0,0;0,0;0,0;0,0;0,13;0,13;0,41;0,71
198;SC;Seychellen;5;0,0;0,0;0,12;0,12;0,12;0,12;0,12;0,12
199;SD;Sudan;4;0,01;0,01;0,01;0,01;0,01;0,01;0,01;0,01
200;SE;Schweden;2;0,0;0,0;0,0;0,0;0,0;0,0;0,0;0,0
201;SG;Singapur;2;0,01;0,01;0,12;0,19;0,19;0,41;0,62;0,94
202;SH;St. Helena;12;3,6;4,75;6,21;8,43;10,36;10,51;12,54;14,63
203;SI;Slowenien;4;0,0;0,0;0,0;0,0;0,19;0,19;1,73;3,89
204;SJ;Svalbard und Jan Mayen;3;0,0;0,0;0,11;0,11;0,11;0,11;0,11;0,71
205;SK;Slowakei;3;0,0;0,0;0,0;0,27;0,27;0,27;0,44;5,97
206;SL;Sierra Leone;3;0,0;0,0;0,0;0,0;0,0;0,0;0,0;0,32
207;SM;San Marino;12;4,27;8,75;23,05;28,08;34,51;36,17;39,29;45,95
208;SN;Senegal;3;0,0;0,0;0,0;0,0;0,17;0,17;0,37;0,37
209;SO;Somalia;2;0,0;0,0;0,0;0,0;0,0;0,0;0,0;0,0
210;SR;Suriname;4;0,0;0,0;0,0;0,0;0,42;0,42;1,38;2,15
211;SS;Südsudan;6;0,0;0,0;0,07;0,07;0,07;0,07;0,07;0,07
212;ST;São Tomé und Príncipe;4;0,0;0,0;0,0;0,0;0,0;0,0;0,0;0,0
213;SV;El Salvador;11;5,74;7,5;11,41;13,89;15,21;15,36;15,62;15,92
214;SX;Sint Maarten;8;3,72;3,87;4,24;4,36;4,9;5,18;6,98;9,27
215;SY;Syrien;4;0,0;0,0;0,0;0,0;0,28;0,28;0,28;0,28
216;SZ;Eswatini;7;0,21;0,25;0,4;0,48;0,48;0,48;1,2;2,31
217;TC;Turks- und Caicosinseln;9;1,31;1,51;1,98;2,17;2,94;4,23;4,78;6,79
218;TD;Tschad;3;0,0;0,0;0,0;0,13;0,13;0,13;0,13;0,13
219;TF;Franz. Südgebiete;3;0,02;0,02;0,1;0,56;0,68;0,68;0,91;1,48
220;TG;Togo;4;0,0;0,0;0,0;0,0;0,0;0,0;0,0;0,0
221;TH;Thailand;3;0,0;0,0;0,0;0,0;0,0;0,0;0,0;0,32
222;TJ;Tadschikistan;4;0,06;0,06;0,06;0,14;0,42;0,42;0,42;2,28
223;TK;Tokelau;3;0,0;0,0;0,0;0,0;0,0;0,0;0,0;0,0
224;TL;Timor-Leste;4;0,0;0,0;0,0;0,0;0,0;0,0;0,0;0,31
225;TM;Turkmenistan;5;2,96;3,42;6,75;8,42;15,96;18,48;21,69;26,15
226;TN;Tunesien;2;0,0;0,0;0,0;0,0;0,0;0,0;0,0;0,62
227;TO;Tonga;2;0,0;0,0;0,0;0,0;0,0;0,0;0,0;0,85
228;TR;Türkei;2;0,0;0,05;0,05;0,05;0,17;0,17;0,17;0,97
229;TT;Trinidad und Tobago;3;0,0;0,0;0,0;0,0;0,0;0,0;0,0;0,0
230;TV;Tuvalu;2;0,0;0,0;0,0;0,14;0,24;0,24;0,66;0,66
231;TW;Taiwan;3;0,0;0,0;0,0;0,0;0,41;0,41;0,61;0,61
232;TZ;Tansania;4;0,0;0,0;0,0;0,0;0,0;0,0;0,0;0,33
233;UA;Ukraine;2;0,0;0,0;0,0;0,0;0,0;0,0;0,0;0,0
234;UG;Uganda;5;0,3;0,3;0,77;0,87;1,3;1,59;2,27;4,01
235;US;Vereinigte Staaten;3;0,09;0,15;0,25;0,38;1,17;1,65;2,52;3,97
236;UY;Uruguay;4;0,18;0,57;1,08;1,23;1,63;1,63;3,38;6,19
237;UZ;Usbekistan;4;0,08;0,12;0,12;0,35;0,44;0,44;0,44;1,43
238;VA;Vatikanstadt;6;6,81;7,53;9,69;10,98;13,18;13,32;14,37;19,42
239;VC;St. Vincent und die Grenadinen;3;0,0;0,0;0,0;0,0;0,0;0,0;0,0;0,0
240;VE;Venezuela;4;0,0;0,0;0,31;0,31;0,43;0,43;0,43;0,43
241;VG;Britische Jungferninseln;9;4,45;5,14;6,17;7,71;9,63;9,63;9,9;13,11
242;VI;Amerikanische Jungferninseln;5;0,12;5,97;13,39;13,73;13,88;14,11;14,96;16,49
243;VN;Vietnam;2;0,0;0,0;0,0;0,0;0,0;0,0;0,35;0,35
244;VU;Vanuatu;4;0,06;0,06;0,18;0,18;1,54;1,54;1,83;2,64
245;WF;Wallis und Futuna;2;0,0;0,0;0,0;0,0;0,0;0,0;0,0;0,0
246;WS;Samoa;3;0,0;0,0;0,08;0,08;0,08;0,08;0,08;0,52
247;XK;Kosovo;3;0,0;0,08;0,08;0,08;0,08;0,08;0,35;0,67
248;YE;Jemen;3;0,0;0,0;0,0;0,0;0,0;0,0;0,0;0,0
249;YT;Mayotte;6;0,33;3,1;10,33;11,04;11,88;12,23;13,09;16,18
250;ZA;Südafrika;5;0,0;0,0;0,1;0,1;0,1;0,1;0,1;0,1
251;ZM;Sambia;4;1,04;3,31;4,56;4,76;5,32;5,32;7,61;8,73
252;ZW;Simbabwe;5;0,64;1,84;2,39;2,7;2,7;2,7;2,7;3,23
